Time,Acceleration X,Acceleration Y,Acceleration Z,Angular Velocity X,Angular Velocity Y,Angular Velocity Z,Yaw,Pitch,Roll,'16-Nov-2018 17:53:47.069'
0,-6.226,7.6747,-0.090861,0.01926,0.015414,0.0397,-38.402,50.956,-90.836,
0.099,-6.2022,7.6397,-0.065264,0.021357,0.0090364,0.038616,-38.537,51.144,-90.719,
0.198,-6.1961,7.6645,-0.052092,0.016064,0.015489,0.034342,110.54,51.302,-90.693,
0.297,-6.1745,7.6847,-0.070204,0.01077,0.02193,0.031134,110.56,51.458,-90.702,
0.395,-6.0977,7.723,-0.08667,0.012907,0.02095,0.023682,110.56,51.61,-90.691,
0.494,-6.0973,7.722,-0.040416,0.021427,0.018729,0.029072,110.58,51.687,-90.664,
0.593,-6.0979,7.7238,-0.13921,0.010772,0.021956,0.029002,110.62,51.827,-90.703,
0.692,-6.0817,7.7944,-0.047152,0.015022,0.017738,0.024748,110.61,51.95,-90.691,
0.791,-6.0375,7.804,-0.044308,0.010739,0.017622,0.035376,110.6,52.058,-90.663,
0.89,-6.0718,7.7284,-0.045505,0.018208,0.016573,0.032233,110.62,52.191,-90.681,
0.988,-6.0399,7.8326,-0.092059,0.021407,0.014526,0.024783,110.65,52.35,-90.722,
1.087,-6.0055,7.8617,-0.07694,0.017166,0.017823,0.017301,110.65,52.484,-90.708,
1.186,-5.9943,7.8356,-0.090711,0.019269,0.011497,0.011952,110.64,52.554,-90.692,
1.285,-5.9928,7.8257,-0.04805,0.019283,0.013638,0.010898,110.61,52.587,-90.675,
1.384,-5.9768,7.8332,-0.088915,0.013966,0.017859,0.015142,110.63,52.623,-90.701,
1.483,-5.9898,7.8209,-0.10029,0.016114,0.018981,0.0098343,110.64,52.648,-90.704,
1.581,-5.9428,7.8841,-0.079036,0.016111,0.016945,0.0023582,110.66,52.711,-90.713,
1.68,-5.9548,7.8468,-0.05299,0.018249,0.016977,-0.00082318,110.66,52.717,-90.711,
1.779,-5.9808,7.8344,-0.074994,0.015052,0.018038,0.00022264,110.65,52.685,-90.708,
1.878,-5.9847,7.8356,-0.066911,0.01293,0.020173,0.00021678,110.65,52.652,-90.704,
1.977,-5.9823,7.8359,-0.055235,0.016108,0.01592,-0.00084662,110.65,52.611,-90.692,
2.076,-6.0012,7.8489,-0.070503,0.015044,0.016961,0.0012831,110.66,52.577,-90.693,
2.174,-6.0262,7.8355,-0.070354,0.015055,0.019063,0.0034275,110.65,52.54,-90.685,
2.273,-6.0096,7.8356,-0.074096,0.018243,0.016912,0.0045085,110.65,52.512,-90.676,
2.372,-5.9937,7.8287,-0.073797,0.013979,0.01799,0.0044792,110.65,52.506,-90.677,
2.471,-6.026,7.826,-0.060624,0.016121,0.019047,0.0045026,110.65,52.492,-90.677,
2.57,-6.0042,7.8358,-0.08188,0.017168,0.015838,0.0055601,110.67,52.494,-90.682,
2.669,-6.0194,7.8334,-0.063917,0.013981,0.019001,0.0087503,110.67,52.489,-90.687,
2.767,-6.0028,7.8262,-0.080233,0.012909,0.018966,0.011941,110.67,52.481,-90.687,
2.866,-6.0164,7.8353,-0.059277,0.013962,0.01782,0.018341,110.68,52.486,-90.695,
2.965,-6.0134,7.8129,-0.083227,0.017149,0.016654,0.025826,110.69,52.505,-90.702,
3.064,-5.9946,7.8145,-0.0723,0.025663,0.010374,0.015198,110.72,52.567,-90.723,
3.163,-5.9233,7.9124,-0.08637,0.016089,0.01173,-0.0062017,110.71,52.672,-90.727,
3.262,-5.9278,7.9054,-0.082778,0.014022,0.022415,-0.0093597,110.63,52.785,-90.705,
3.361,-6.0615,7.9046,-0.085472,0.01084,0.027628,0.00024022,110.61,52.777,-90.69,
3.459,-6.0151,7.8332,-0.029638,0.0097472,0.028382,0.025829,110.65,52.694,-90.711,
3.558,-6.0441,7.8063,-0.077838,0.010697,0.020213,0.084445,110.66,52.598,-90.692,
3.657,-6.0889,7.6376,-0.083526,0.033907,0.00044501,0.2157,110.7,52.559,-90.701,
3.756,-6.2176,7.6477,-0.12215,0.031391,-0.019298,0.43845,110.76,52.655,-90.728,
3.855,-6.2838,7.5265,-0.0058379,0.039522,-0.040349,0.67834,110.76,53.135,-90.764,
3.954,-5.8509,7.8355,-0.12065,0.038116,-0.050677,0.91395,110.56,54.338,-90.735,
4.052,-5.4445,8.3574,-0.097298,0.046192,-0.087282,1.1207,110.49,56.925,-90.912,
4.151,-4.5079,8.7197,-0.042661,0.057447,-0.12814,1.3264,110.41,61.079,-91.171,
4.25,-3.4975,9.2288,-0.042512,0.040978,-0.15059,1.6002,110.31,66.389,-91.521,
4.349,-2.4235,9.4736,-0.1946,0.04573,-0.18739,1.9104,110.36,72.737,-92.186,
4.448,-1.1143,9.7143,-0.10508,0.011058,-0.17931,2.3889,111.07,80.191,-93.69,
4.547,0.27213,10.18,0.035177,0.077789,-0.18557,2.7968,134.17,88.942,-117.78,
4.645,2.6431,9.7129,0.25522,0.078974,-0.14737,2.892,-76.028,80.231,91.268,
4.744,6.4293,7.5738,0.11451,0.036361,-0.1264,2.928,-75.164,66.977,89.337,
4.843,8.5555,5.6756,0.66267,0.082294,-0.10618,3.0031,-75.191,51.979,88.268,
4.942,9.4105,3.6054,0.55954,0.1452,-0.10909,3.0505,-75.66,36.613,87.516,
5.041,9.972,0.46299,0.64216,0.13671,-0.12657,2.916,-76.339,21.06,86.981,
5.14,9.4858,-2.9315,0.70982,0.12113,-0.095233,2.707,-76.798,4.9747,86.415,
5.238,7.9407,-5.6545,1.0562,0.11452,0.033338,2.6362,-77.194,-11.358,85.687,
5.337,6.0512,-7.3473,0.95442,0.099242,-0.035972,2.5653,-77.902,-27.127,84.658,
5.436,4.4652,-8.4962,0.33635,0.16677,-0.14602,2.6719,-79.154,-41.799,83.336,
5.535,2.6128,-9.0243,0.79769,0.13254,-0.11463,2.8979,-81.126,-55.745,81.36,
5.634,0.22603,-9.772,0.44637,0.11283,-0.1164,3.3083,-85.291,-69.498,77.106,
5.732,-1.7084,-9.6546,0.4329,0.11373,-0.075959,3.6551,-105.37,-82.948,56.756,
5.831,-4.8019,-8.4507,0.28546,0.035091,-0.0082244,3.705,127.28,-80.481,-70.882,
5.93,-7.6479,-4.8572,-0.16466,0.07015,-0.031993,3.7254,113.5,-64.265,-84.882,
6.029,-9.8208,-1.8151,0.24115,0.061378,-0.047258,3.8447,110.47,-45.534,-88.03,
6.128,-9.2689,1.3252,-0.0032932,0.02839,-0.047158,3.758,109.43,-25.929,-89.028,
6.227,-7.9772,5.1171,0.022753,0.042188,-0.07901,3.662,109.01,-5.9643,-89.501,
6.326,-5.1277,7.6717,-0.26899,0.096452,-0.15899,3.4018,108.72,14.266,-89.915,
6.424,-1.9588,9.883,-0.11736,0.1292,-0.20955,3.438,108.74,34.906,-90.331,
6.523,0.84874,10.007,0.31674,0.061335,-0.14581,3.377,108.69,55.305,-90.808,
6.622,3.5181,8.9349,0.19445,0.07826,-0.16539,3.408,108.82,75.157,-91.636,
6.721,6.5507,7.4313,0.0065863,0.11653,-0.13001,3.7242,-74.521,86.319,90.798,
6.82,8.2776,5.4659,0.57855,0.19951,-0.14501,3.8847,-73.022,68.203,88.344,
6.919,9.5365,2.4152,0.32183,0.13329,-0.1422,3.9333,-73.33,50.068,87.638,
7.017,9.0894,-1.8497,1.0388,0.15279,-0.11142,3.8472,-73.934,31.511,87.09,
7.116,9.0268,-6.4453,0.77913,0.18154,-0.11113,3.9029,-74.547,11.613,86.457,
7.215,5.9399,-7.913,1.0857,0.24888,-0.095437,3.9078,-75.205,-9.2956,85.598,
7.314,2.0513,-9.1379,0.87508,0.20341,-0.046002,3.7925,-76.27,-30.297,84.304,
7.413,-1.7388,-9.5043,0.61327,0.13441,-0.0040035,3.6823,-78.536,-51.078,82.044,
7.512,-5.0191,-7.9295,0.38889,0.088417,-0.039866,3.5815,-85.479,-71.887,75.155,
7.61,-7.5841,-5.4062,0.37527,0.018068,-0.022653,3.5842,152.84,-84.814,-46.488,
7.709,-9.2565,-1.9428,-0.11855,0.11171,-0.072872,3.5773,115.19,-65.278,-83.863,
7.808,-10.212,1.0104,0.23351,0.092079,-0.11193,3.7305,111.15,-45.35,-87.411,
7.907,-8.5585,3.8715,0.032932,0.035364,-0.10713,3.875,109.6,-25.784,-88.533,
8.006,-6.9126,6.4157,-0.027094,0.087637,-0.1166,3.853,108.71,-6.5968,-89.14,
8.105,-3.2304,8.8924,0.074395,0.12235,-0.2138,3.7877,108.1,12.882,-89.578,
8.204,0.51448,9.6156,-0.14729,0.14151,-0.20246,3.8989,107.52,32.447,-89.925,
8.302,2.9375,8.5224,0.010778,0.14191,-0.14543,3.8469,107.11,52.959,-90.32,
8.401,6.5564,7.0656,0.21765,0.23137,-0.17569,3.8624,106.91,74.084,-90.838,
8.5,9.4843,3.8265,0.53873,0.21328,-0.1851,3.7663,-72.74,84.915,87.813,
8.599,10.08,0.479,0.73946,0.22835,-0.17493,3.7142,-73.548,64.149,87.527,
8.698,9.8757,-3.4653,0.78078,0.24209,-0.1893,3.7547,-74.062,42.986,86.981,
8.796,8.714,-5.9462,1.2656,0.22507,-0.16467,3.8326,-74.554,22.107,86.326,
8.895,5.1048,-8.5044,0.74156,0.24447,-0.10984,3.9557,-75.139,1.3453,85.482,
8.994,2.304,-10.601,1.1887,0.13649,-0.11313,4.0785,-76.092,-19.209,84.317,
9.093,-1.9463,-8.9484,0.68288,0.060994,-0.078059,4.0141,-77.713,-39.279,82.543,
9.192,-5.5304,-8.1417,-0.24489,-0.016749,-0.016992,4.1737,-80.66,-59.506,79.187,
9.291,-7.5211,-4.4748,0.21061,-0.015983,-0.070022,4.1596,-97.002,-79.305,62.878,
9.39,-8.9804,-1.3442,-0.12469,0.020549,-0.048751,4.064,128.2,-77.841,-71.762,
9.488,-8.5519,3.0745,-0.10852,0.008933,-0.057499,3.9124,114.92,-56.556,-85.185,
9.587,-7.4416,6.8584,-0.091909,0.078451,-0.065394,3.7573,112.33,-34.855,-87.786,
9.686,-4.1081,9.513,0.099842,0.099514,-0.12933,3.6728,111.35,-12.398,-88.642,
9.785,-0.14744,10.486,-0.50894,0.10412,-0.065993,3.7127,110.87,10.421,-89.095,
9.884,2.7243,9.3075,0.33291,0.091748,-0.15822,3.775,110.6,33.201,-89.482,
9.983,5.6277,7.913,0.4335,0.047813,-0.16377,3.8919,110.45,54.664,-89.847,
10.081,8.6462,5.3204,-0.095501,0.089472,-0.13257,4.0268,109.71,75.515,-89.732,
10.18,10.019,2.4274,0.74515,0.1683,-0.11539,4.2547,-64.819,84.496,83.918,
10.279,9.679,-1.3158,0.82508,0.053396,-0.044229,4.2946,-68.751,64.488,87.078,
10.378,9.7416,-5.6138,1.1336,0.23572,-0.037791,4.5041,-69.605,43.908,87.337,
10.477,6.3932,-8.3881,1.2291,0.27676,0.06793,4.6362,-70.293,23.39,86.63,
10.576,1.7843,-8.8885,0.68348,0.31849,-0.054873,4.8353,-71.307,2.1756,85.845,
10.674,-1.9364,-9.4663,0.53933,0.052584,-0.056184,4.9238,-72.748,-19.882,84.807,
10.773,-7.6599,-7.3563,1.021,0.066203,-0.10081,4.9151,-74.917,-42.567,83.045,
10.872,-9.1337,-2.8881,0.3145,0.11396,-0.11969,5.054,-80.351,-65.577,78.151,
10.971,-9.6212,1.4219,-0.013023,0.062417,-0.11854,5.3213,-161.29,-85.957,-1.9663,
11.07,-6.3205,5.4268,0.10628,0.096684,-0.059486,5.5298,116.34,-64.863,-83.263,
11.169,-3.9721,8.4472,0.079335,0.15991,-0.18784,5.568,110.91,-39.132,-87.749,
11.267,1.593,8.8914,0.065414,0.24917,-0.2141,5.7787,109.35,-12.299,-89.066,
11.366,6.6857,7.2505,0.051343,0.24259,-0.23185,5.8393,108.5,14.221,-89.711,
11.465,9.1699,3.7476,0.65085,0.24463,-0.21276,6.0176,107.77,41.294,-90.139,
11.564,10.19,-2.5757,0.59801,0.33827,-0.25396,6.0565,107.6,69.415,-90.858,
11.663,7.5075,-6.3655,0.53169,0.16826,0.023969,5.9084,-73.041,81.47,88.882,
11.762,3.1424,-9.92,1.0558,0.24899,-0.038237,5.9279,-72.991,51.631,87.6,
11.86,-5.1179,-10.152,0.65474,0.07329,-0.11406,6.0828,-73.515,20.325,86.511,
11.959,-7.0289,-4.1139,0.28037,0.033687,-0.12703,6.1091,-74.498,-10.906,85.168,
12.058,-8.5212,0.33066,0.18112,0.10817,-0.14658,6.2098,-76.872,-42.582,82.707,
12.157,-6.6098,5.6979,0.004341,0.19347,-0.16278,6.2072,-87.64,-74.562,71.87,
12.256,-2.6068,9.7681,-0.47152,0.19604,-0.28611,6.1117,120.17,-71.912,-80.113,
12.355,3.8338,10.327,-0.20986,0.25152,-0.28358,6.1516,111.93,-40.31,-87.462,
12.453,9.2847,6.2167,0.40955,0.21139,-0.21808,6.1132,109.89,-8.3013,-88.922,
12.552,10.592,0.79485,1.0682,0.35885,-0.19003,6.1306,109.18,24.73,-89.382,
12.651,8.8964,-4.9945,0.85742,0.29179,0.0047306,6.0575,108.76,57.764,-89.971,
12.75,4.285,-9.6323,1.35,0.3254,-0.054803,6.2185,-60.146,88.69,77.972,
12.849,-1.1149,-9.2327,0.75533,0.056179,-0.10031,6.1808,-70.542,55.402,87.186,
12.948,-5.0435,-6.0696,0.32378,0.1454,-0.21911,5.9538,-71.418,22.407,86.275,
13.046,-8.2553,-1.6666,0.55535,0.086923,-0.18258,5.9396,-72.768,-10.71,84.931,
13.145,-7.8543,5.0164,-0.45939,0.12832,-0.21406,5.9803,-75.688,-43.551,82.265,
13.244,-3.3922,7.6139,0.1678,0.2138,-0.37508,5.9866,-88.878,-76.16,69.472,
13.343,0.83167,10.603,0.036823,0.11312,-0.2415,6.0526,120.11,-70.044,-80.684,
13.442,6.7373,8.7047,0.61507,0.19763,-0.21289,6.0406,111.86,-37.13,-87.941,
13.541,9.5494,2.6287,0.4814,0.25629,-0.2246,6.0261,110.08,-3.7505,-89.182,
13.639,11.117,-2.8312,0.75114,0.33684,-0.16398,5.9205,109.19,29.429,-90.017,
13.738,7.9609,-7.5222,1.1489,0.15503,-0.045223,5.9143,108.49,61.933,-90.773,
13.837,1.1267,-8.7924,0.38201,0.13573,-0.092079,5.7486,-73.23,85.818,89.37,
13.936,-3.6073,-9.0117,0.50774,0.11444,-0.12749,5.5179,-73.205,53.578,87.556,
14.035,-8.3797,-4.3958,0.20163,0.1475,-0.16786,5.3302,-74.203,20.805,86.56,
14.134,-9.6274,1.3846,0.041015,0.10928,-0.14976,5.2522,-75.462,-11.943,85.197,
14.232,-7.2828,5.7219,0.026944,0.09144,-0.11863,5.1477,-77.883,-44.843,82.733,
14.331,-3.6419,9.357,0.19609,0.17461,-0.1688,4.9657,-89.786,-76.674,70.763,
14.43,1.6244,8.8388,-0.0031435,0.1835,-0.1444,4.7953,117.18,-70.171,-82.079,
14.529,6.3579,7.8359,0.36554,0.26143,-0.16059,4.7074,110.73,-38.563,-88.01,
14.628,7.513,3.2349,-0.075144,0.1452,-0.17507,4.5293,109.37,-5.8946,-88.999,
14.727,10.082,-0.010478,1.0034,0.19069,-0.076671,4.4758,108.49,23.762,-89.584,
14.825,8.7128,-4.5604,0.82209,0.28083,-0.12474,4.729,107.75,53.158,-90.043,
14.924,5.9179,-6.9972,0.95157,0.22904,-0.011366,4.8679,105.74,82.461,-89.255,
15.023,3.5478,-8.8054,0.99738,0.30014,-0.042725,5.0645,-71.891,70.04,87.139,
15.122,-1.3441,-9.7868,0.47781,0.1845,-0.071971,5.2233,-72.763,42.073,86.837,
15.221,-5.3375,-7.5841,0.25567,0.06853,-0.13943,5.462,-73.355,15.938,86.199,
15.32,-8.2705,-4.4384,0.41584,0.1226,-0.1532,5.7033,-73.788,-9.8402,85.196,
15.418,-9.4482,0.74006,0.24354,0.19904,-0.18452,5.8958,-75.399,-34.643,83.483,
15.517,-7.2111,5.7111,-0.20268,0.29972,-0.28305,6.0091,-79.284,-58.983,79.849,
15.616,-3.4942,9.0952,0.18082,0.28392,-0.2189,6.1618,-105.92,-82.956,53.351,
15.715,2.4884,8.684,-0.62076,0.25796,-0.2642,6.2179,118.01,-69.398,-82.422,
15.814,8.8818,7.5461,0.47017,0.22936,-0.22993,6.2072,111.71,-42.701,-87.952,
15.913,9.851,1.0784,0.31689,0.35472,-0.1526,6.2033,109.78,-15.092,-89.12,
16.011,9.647,-4.6013,0.81012,0.31361,-0.054197,6.2589,108.85,13.832,-89.732,
16.11,5.2159,-8.5323,1.1198,0.22523,-0.024818,6.2285,108.35,43.968,-90.322,
16.209,-0.51104,-9.5322,0.71476,0.15423,-0.11408,6.237,108.02,75.641,-91.079,
16.308,-5.8868,-6.8316,0.62091,0.03877,-0.17859,6.0608,-72.063,72.318,87.742,
16.407,-9.1151,-1.7352,0.35925,0.12421,-0.18844,5.974,-72.727,39.56,87.115,
16.506,-7.6916,4.3829,0.33246,0.18974,-0.12639,5.9301,-73.361,6.258,86.101,
16.604,-3.5949,9.177,-0.68004,0.30904,-0.19738,5.7878,-74.805,-27.211,84.414,
16.703,1.7972,10.363,-0.36614,0.37942,-0.22725,5.6891,-79.419,-60.533,79.893,
16.802,6.6875,7.466,0.15762,0.23346,-0.19807,5.6027,148.7,-84.18,-51.797,
16.901,9.6085,2.7655,0.56448,0.2689,-0.18203,5.5007,113.16,-51.76,-86.5,
17,10.606,-2.8477,0.95217,0.33125,-0.10886,5.5048,109.9,-18.179,-88.698,
17.099,7.9509,-7.1346,0.53229,0.27679,0.035686,5.358,108.53,15.76,-89.337,
17.197,2.8074,-9.6494,0.96265,0.26688,-0.011279,5.3726,107.82,49.013,-89.83,
17.296,-3.1758,-9.6477,0.27857,0.077367,-0.10149,5.4025,105.31,81.905,-88.43,
17.395,-6.7674,-5.9669,1.0517,-0.001237,-0.0093714,5.5463,-71.154,65.419,86.876,
17.494,-8.4085,-1.8515,0.83332,0.14966,-0.17569,5.2737,-71.98,32.66,86.452,
17.593,-8.2058,3.0984,0.27348,0.22428,-0.2209,5.1237,-72.52,1.381,85.543,
17.692,-7.1897,9.5115,0.14086,0.25873,-0.18615,5.057,-73.893,-29.086,83.866,
17.79,-0.41164,9.5615,-0.26166,0.16329,-0.1056,4.934,-78.017,-59.213,79.697,
17.889,4.1766,9.5787,0.80577,0.26218,-0.20475,4.7508,-152.55,-85.995,5.1628,
17.988,8.3719,6.0729,0.4076,0.21886,-0.19124,4.4402,116.74,-61.083,-84.719,
18.087,10.852,1.7437,0.46329,0.15469,-0.090713,4.1545,112.11,-32.43,-88.349,
18.186,10.558,-3.4563,0.6986,0.1846,-0.10852,4.0373,110.31,-3.2289,-89.39,
18.285,8.1714,-7.2113,0.8899,0.25154,-0.024259,3.8293,109.66,26.181,-90.15,
18.383,3.8189,-8.3511,0.61911,0.21207,-0.03387,3.7553,109.7,55.225,-91.03,
18.482,0.17828,-10.344,0.96744,0.063922,-0.019225,3.6401,110.5,83.995,-92.771,
18.581,-3.6385,-9.2843,0.76027,0.061014,-0.029353,3.3382,-71.413,67.893,88.096,
18.68,-6.9843,-6.8785,0.92717,0.13909,-0.070141,2.9995,-71.47,40.533,87.19,
18.779,-8.8277,-3.3756,0.25447,0.089253,-0.07573,2.6866,-71.749,13.176,86.385,
18.877,-9.8024,-0.004341,-0.2151,0.019067,-0.076939,2.4557,-72.147,-12.446,85.2,
18.976,-9.435,3.4461,-0.21346,0.032237,-0.067439,2.1978,-73.456,-37.64,83.458,
19.075,-8.4077,5.7636,0.1934,0.083375,-0.12662,1.9782,-76.896,-60.272,79.894,
19.174,-6.1983,7.1372,0.0034428,0.092774,-0.19978,1.7806,-99.734,-82.105,57.202,
19.273,-4.6216,8.6558,-0.11631,0.050953,-0.26662,1.6018,125.29,-75.071,-77.238,
19.372,-2.8403,9.3708,-0.25402,0.027493,-0.29036,1.4607,115.91,-54.744,-86.01,
19.47,-1.2477,9.8392,0.087867,-0.029126,-0.32067,1.3438,113.45,-34.674,-88.078,
19.569,0.34638,9.9664,0.14804,-0.08159,-0.37115,1.2215,112.43,-14.811,-89.031,
19.668,1.8981,10.108,0.037272,-0.13699,-0.37394,1.1166,111.78,4.6458,-89.679,
19.767,3.1101,9.4653,0.17903,-0.17964,-0.38437,1.0234,111.2,20.797,-89.905,
19.866,4.139,8.8885,0.10463,-0.24342,-0.35351,0.95263,111.04,35.179,-90.288,
19.965,5.175,8.4381,0.30117,-0.28586,-0.33192,0.85109,111.21,47.859,-90.833,
20.063,6.0239,7.9055,0.2886,-0.34643,-0.32106,0.67469,111.15,59.117,-91.395,
20.162,6.6637,7.2587,0.4323,-0.40378,-0.31596,0.4471,110.77,69.269,-92.016,
20.261,7.4543,6.6112,0.46912,-0.49329,-0.33121,0.23833,111.08,78.514,-93.605,
20.36,8.1065,5.898,0.47451,-0.63863,-0.41258,-0.030982,120.41,86.882,-104.38,
20.459,8.4185,5.3678,0.65953,-0.80132,-0.5346,-0.27827,-85.474,85.241,99.92,
20.558,8.5171,4.9239,0.59157,-0.99105,-0.71604,-0.53143,-81.536,78.214,94.167,
20.656,8.6272,4.6832,0.69994,-1.1,-0.94544,-0.71274,-82.158,71.67,92.748,
20.755,8.6836,4.7802,0.59187,-1.135,-1.1001,-0.8429,-83.679,65.396,92.076,
20.854,8.5709,5.199,0.36928,-1.017,-1.217,-0.97267,-85.695,59.733,91.834,
20.953,8.0416,5.9602,0.34234,-0.88413,-1.3218,-1.0575,-87.861,54.333,91.659,
21.052,7.5768,6.7929,0.19489,-0.69519,-1.2862,-0.88188,-90.177,49.492,91.562,
21.151,6.5285,6.94,-0.27528,-0.49442,-1.2268,-0.65382,-92.717,45.384,91.52,
21.25,5.7141,7.9256,-0.21331,-0.4166,-1.223,-0.54972,-95.004,40.879,90.804,
21.348,4.0663,8.9867,-0.13652,-0.35588,-1.1994,-0.32727,-98.017,38.382,90.695,
21.447,3.1056,9.1183,-0.25821,-0.27327,-1.0853,-0.10096,-101.9,37.204,90.624,
21.546,3.2514,9.5193,0.049098,-0.23729,-0.9549,-0.074353,-106.81,37.44,90.644,
21.645,2.1417,9.6976,0.091011,-0.20454,-0.85479,-0.17698,-113.17,39.421,91.032,
21.744,1.6515,9.587,-0.057331,-0.17551,-0.80676,-0.11036,-120.96,42.705,91.523,
21.843,2.4137,9.7353,0.083676,-0.14741,-0.75838,-0.15785,-129.86,46.75,92.115,
21.941,2.3001,9.6452,0.25896,-0.13255,-0.73823,0.017272,-139.15,51.359,92.892,
22.04,1.813,9.651,0.36539,-0.15556,-0.82609,0.073123,-148.75,56.483,93.829,
22.139,2.3688,9.695,-0.059426,-0.20327,-0.92736,0.18735,-158.42,61.629,94.981,
22.238,1.3957,9.7961,-0.11601,-0.24696,-1.0571,0.36864,-167.12,65.636,95.937,
22.337,1.9542,9.5786,-0.039368,-0.30167,-1.0266,0.75653,-174.74,68.902,96.281,
22.436,1.9701,10.065,0.0026944,-0.31871,-0.76432,1.1535,177.82,71.71,96.624,
22.534,1.4894,9.9068,0.22124,-0.31233,-0.7095,1.4545,171.1,73.424,96.551,
22.633,1.4098,9.8745,0.18861,-0.22867,-0.38394,1.8697,165.51,73.825,96.082,
22.732,1.8275,9.7744,0.49248,-0.12021,-0.23476,2.0847,160.78,74.186,95.428,
22.831,3.4773,9.3918,0.11945,-0.13507,-0.21484,2.1135,156.48,74.911,95.055,
22.93,4.0709,8.8694,0.49352,0.16537,-0.096734,2.2968,152.62,75.564,94.478,
23.029,6.5613,8.032,0.60175,0.068581,-0.079058,2.0946,148.9,76.559,93.777,
23.127,8.7129,5.437,0.37587,-0.02778,-0.009099,1.7934,145.43,76.564,93.084,
23.226,8.502,4.6754,0.66806,-0.067185,0.0059242,1.7932,141.79,76.475,92.181,
23.325,9.2144,1.4367,0.94768,0.089214,-0.0055748,2.1709,137.85,75.602,91.088,
23.424,9.9988,-1.7253,0.82014,0.0097813,-0.011688,2.5167,133.16,74.031,89.952,
23.523,10.596,-1.9564,0.86131,0.015727,0.0048272,2.9914,128.21,71.454,88.843,
23.621,9.5428,-2.4297,1.223,0.16316,-0.030833,3.6067,123.47,66.221,88.373,
23.72,9.2714,-4.7683,0.64531,0.28835,-0.16992,3.5505,119.42,59.202,87.72,
23.819,7.906,-6.7218,0.72734,0.23456,-0.088257,3.4118,116,50.428,87.428,
23.918,6.327,-8.1739,1.2713,0.05396,-0.10879,3.4838,114.03,39.77,87.174,
24.017,1.4396,-9.3,1.4167,0.022185,0.055393,3.2051,112.36,28.839,86.608,
24.116,-3.4363,-10.524,-0.2907,-0.042505,-0.13798,2.7641,111.45,17.004,86.155,
24.214,-4.9092,-8.3878,0.39069,-0.10031,-0.021768,2.5862,111.36,4.8836,85.655,
24.313,-8.1076,-4.9135,0.094154,-0.060983,-0.033579,2.6717,110.5,-5.4478,85.028,
24.412,-9.3114,-0.73707,1.0727,-0.037881,-0.040396,2.962,109.35,-15.053,84.561,
24.511,-10.257,1.1017,0.90756,0.12995,-0.11506,3.2818,108.09,-25.007,84.045,
24.61,-9.794,1.8602,-0.063468,0.15196,-0.22625,3.0585,106.84,-36.743,83.202,
24.709,-8.7864,4.0099,-0.29144,0.041746,-0.10692,2.9868,104.39,-50.248,81.246,
24.807,-7.053,6.0073,-0.31599,0.095029,-0.11996,2.9957,98.619,-66.042,76.21,
24.906,-4.8225,9.3867,-0.13247,0.14781,-0.0834,2.7766,63.333,-83.421,41.423,
25.005,-1.1804,9.8167,0.39144,0.12494,-0.11442,2.1002,-54.183,-74.571,-76.359,
25.104,0.92268,9.0018,0.28546,0.19125,-0.12836,1.9183,-63.255,-56.496,-85.275,
25.203,4.8917,9.4585,0.50101,0.11863,0.0081804,1.735,-65.681,-37.784,-87.772,
25.302,8.0549,6.0458,-0.098495,0.1097,-0.062684,1.7026,-66.336,-19.811,-88.354,
25.4,8.521,4.2832,0.39443,0.075524,-0.045765,1.8069,-66.747,-4.7649,-88.794,
25.499,8.7647,3.6084,0.36165,0.11359,-0.043408,2.1261,-66.593,9.5397,-89.155,
25.598,9.6316,2.4208,0.626,0.10553,-0.085209,2.4137,-66.21,23.705,-89.652,
25.697,10.016,1.2481,0.64007,0.090211,-0.078814,2.7645,-65.928,38.854,-89.985,
25.796,10.001,0.13322,0.8191,0.13699,-0.089795,2.8672,-65.988,55.577,-90.267,
25.895,10.212,-1.7651,0.81461,0.12171,0.00048203,2.7108,-67.911,73.356,-89.471,
25.993,9.3901,-3.9189,1.0748,0.19016,-0.13895,2.7841,-120.29,89.437,-38.009,
26.092,7.5671,-6.1842,0.67495,0.19313,-0.1923,2.7082,113.89,74.367,86.881,
26.191,3.953,-8.0612,1.2044,0.14148,-0.17976,2.2183,112.98,58.323,87.043,
26.29,2.5058,-9.9151,1.2116,0.015878,-0.17493,1.9432,112.6,44.408,86.633,
26.389,0.31165,-9.203,1.3289,0.0026275,-0.11268,1.7291,112.27,33.473,86.289,
26.488,-3.5611,-8.9339,0.17244,0.019201,-0.053154,1.5558,112.21,23.41,86.03,
26.586,-6.1176,-7.3059,0.12304,0.12194,-0.014846,1.5291,112.29,14.046,85.824,
26.685,-5.2845,-7.0078,0.62151,0.16328,-0.032741,1.6765,112.05,4.9455,85.482,
26.784,-8.3161,-4.9625,-0.2181,0.21191,-0.055587,1.9658,111.66,-4.8494,85.104,
26.883,-8.7225,-4.1811,0.10808,0.15884,-0.10199,2.3799,111.23,-16.123,84.628,
26.982,-9.2828,-3.4497,0.1919,0.10503,-0.10516,2.7399,110.34,-28.887,83.799,
27.081,-9.4356,-2.5086,0.33156,0.056307,-0.075225,2.5669,108.55,-43.316,82.252,
27.179,-9.5885,-1.1888,0.44038,0.056368,-0.057608,2.6054,104.86,-58.382,79.032,
27.278,-9.9277,0.58289,0.22304,0.020103,-0.029188,2.7268,97.462,-72.597,71.487,
27.377,-9.487,3.8829,0.11212,0.12822,-0.049571,2.365,47.922,-84.756,21.877,
27.476,-6.3633,7.3102,0.093705,0.08482,-0.092896,1.8302,-46.335,-76.532,-72.736,
27.575,-6.0795,7.3407,-0.085772,-0.046644,-0.16727,1.5941,-55.654,-63.869,-82.318,
27.674,-2.6841,9.6169,-0.32228,-0.022453,-0.09232,1.376,-58.193,-53.302,-85.081,
27.772,0.99498,9.5533,0.043859,-0.0033513,-0.10649,1.3985,-58.951,-42.861,-86.311,
27.871,3.1704,9.2859,-0.3832,0.010547,-0.079281,1.5193,-59.614,-34.001,-87.115,
27.97,4.4251,10.239,1.2595,-0.015329,-0.10076,1.6288,-60.234,-25.415,-87.727,
28.069,5.2355,8.9764,0.13173,-0.032759,-0.088129,1.9924,-61.194,-17.021,-88.186,
28.168,5.4931,8.2405,0.3139,-0.039846,-0.11282,2.4465,-62.317,-7.6273,-88.626,
28.267,6.116,7.8447,0.34982,-0.041872,-0.16727,2.9836,-63.428,3.4178,-89.049,
28.366,7.3576,6.5677,0.021106,0.11121,-0.092315,2.9928,-64.229,16.539,-89.527,
28.464,8.1522,5.9899,0.5525,0.021806,-0.097508,2.7446,-64.862,31.225,-89.839,
28.563,9.2925,4.087,0.46344,0.19665,-0.076117,3.0383,-64.893,45.101,-90.194,
28.662,10.475,2.1254,0.64785,0.29917,-0.23961,3.0692,-64.774,59.129,-90.624,
28.761,9.2749,-3.1881,1.2126,0.13247,-0.19236,2.5552,-64.479,73.659,-91.147,
28.86,8.8156,-4.7996,0.52451,0.076786,-0.024836,1.7483,-66.048,86.476,-89.845,
28.959,7.8299,-5.8266,1.1029,0.051608,-0.0074246,1.4624,117.29,83.525,86.267,
29.057,4.1476,-8.3757,0.62944,0.085015,-0.013427,1.162,115.95,74.627,87.177,
29.156,-0.37452,-9.7495,0.62779,0.11407,0.027816,1.1752,115.33,66.691,87.177,
29.255,-2.923,-8.8797,0.44952,0.12255,0.051222,1.3471,114.46,59.21,87.298,
29.354,-2.5482,-9.0869,0.46404,0.17145,0.048145,1.4989,113.72,51.15,87.309,
29.453,-4.2944,-8.4594,0.49188,0.16989,0.031323,1.8305,112.97,42.597,87.314,
29.552,-4.3411,-8.6402,0.59232,0.15015,0.024142,2.2483,112.11,32.843,87.245,
29.651,-5.2234,-8.219,0.54367,0.13857,-0.035682,2.7054,111.22,20.842,86.988,
29.749,-6.4007,-7.6934,0.23381,-0.027105,-0.014394,3.008,109.95,6.3472,86.483,
29.848,-6.806,-6.8885,0.33785,0.18864,-0.085876,2.5338,108.63,-10.174,85.692,
29.947,-8.2414,-5.6728,0.32288,0.08758,-0.030145,2.5269,107.34,-25.174,84.892,
30.046,-9.4864,-3.7726,0.26734,-0.018101,-0.00085301,2.6819,105.83,-40.177,83.639,
30.145,-9.8127,-0.62989,0.15568,0.018793,0.044979,2.4052,104.21,-56.68,81.529,
30.244,-7.6286,4.6125,-0.51059,0.05651,-0.024718,1.7439,99.585,-72.457,76.142,
30.342,-8.3613,5.0571,0.090113,0.063244,-0.061567,1.2756,71.849,-84.452,48.157,
30.441,-6.9438,6.7764,0.10957,0.011868,0.053819,1.0764,-33.811,-83.749,-57.617,
30.54,-3.4376,9.5757,-0.40191,0.047942,-0.0014994,0.97935,-52.601,-76.706,-76.57,
30.639,-0.2907,9.8378,0.49697,0.057453,0.010552,1.1224,-58.096,-70.624,-81.791,
30.738,0.015717,8.809,-0.56822,0.075601,0.042555,1.2848,-61.232,-64.307,-84.519,
30.837,1.3652,9.7353,-0.063917,0.077298,-0.0027953,1.4253,-63.799,-56.448,-86.68,
30.935,1.5391,9.9057,-0.10643,0.067315,-0.027482,1.6192,-65.583,-48.455,-87.878,
31.034,1.8972,9.5368,-0.16241,0.081749,-0.062554,1.873,-67.062,-38.941,-88.8,
31.133,2.8634,9.4207,0.058678,0.0834,-0.098348,2.102,-68.262,-27.408,-89.411,
31.232,4.0465,9.178,0.14011,0.093592,-0.10811,2.4625,-69.093,-13.572,-89.848,
31.331,5.168,8.6324,0.028591,0.054603,-0.12953,2.8311,-69.361,2.2531,-90.176,
31.43,6.1405,7.3951,-0.14909,-0.015117,-0.042057,2.6571,-69.562,16.824,-90.441,
31.528,7.8735,6.1923,0.22693,0.13718,-0.12697,2.514,-70.095,30.138,-90.697,
31.627,8.7249,4.8957,0.40655,0.14037,-0.12214,2.5535,-69.815,44.285,-91.045,
31.726,9.2687,2.8363,0.42092,0.1397,-0.091168,2.3702,-69.175,58.11,-91.571,
31.825,10.221,-0.99857,0.82987,0.10504,-0.072538,1.9872,-69.003,69.388,-91.859,
31.924,8.9738,-3.9684,0.80682,0.079344,-0.012678,1.4498,-68.824,77.475,-92.276,
32.023,8.609,-5.2842,1.1918,0.23046,-0.1458,1.1603,-67.383,84.123,-93.704,
32.121,5.9404,-7.5394,0.59965,0.037654,0.032358,0.82376,-30.138,89.455,-130.93,
32.22,3.237,-8.8643,0.53948,0.047073,-0.0095645,0.76922,106.9,84.827,92.023,
32.319,1.0644,-9.6064,0.83362,0.051588,0.035884,0.79297,109.45,78.577,89.461,
32.418,0.043709,-9.1485,0.68617,0.070506,0.016906,0.94765,110.17,71.59,88.848,
32.517,-1.0474,-9.4948,0.4808,0.094611,-0.014562,1.1652,110.44,63.655,88.615,
32.616,-1.189,-9.5374,0.58992,0.1358,-0.031,1.4545,110.51,54.517,88.344,
32.714,-1.6647,-9.6546,0.40805,0.10156,0.0083272,1.7274,110.52,44.432,87.911,
32.813,-1.8963,-9.5555,0.64201,0.1292,0.050163,2.0403,110.34,33.193,87.435,
32.912,-2.6194,-9.4061,0.47526,0.17977,0.020502,2.4511,109.98,20.274,86.931,
33.011,-3.5352,-9.0166,0.51179,0.19078,-0.01172,2.9075,109.23,5.4276,86.366,
33.11,-4.6441,-8.8132,0.1702,0.078145,-0.053919,3.1676,108.71,-9.2665,85.768,
33.209,-6.1926,-7.7971,0.051194,0.23699,-0.11943,3.0022,107.82,-22.955,85.081,
33.307,-7.3169,-6.7926,0.28037,0.12898,-0.091035,3.3182,106.98,-36.663,84.063,
33.406,-8.3586,-4.7818,0.082928,-0.0011281,-0.012408,3.6215,105.68,-49.743,82.577,
33.505,-9.5614,-2.3019,0.46987,0.14664,-0.10185,3.6755,103.64,-61.247,80.297,
33.604,-8.4136,2.6243,-0.020208,0.18183,-0.095324,3.742,100.22,-70.262,76.771,
33.703,-8.1925,3.6334,0.16526,0.16811,-0.1078,3.5477,94.742,-76.868,71.234,
33.802,-6.3733,6.1124,-0.17035,0.10206,-0.12933,3.3241,84.541,-81.958,60.606,
33.9,-4.1245,8.9664,-0.30716,0.11943,-0.1295,3.0726,61.664,-85.304,37.726,
33.999,0.20313,10.875,-0.17394,0.020497,-0.11089,2.8821,-17.155,-85.679,-41.059,
34.098,3.7255,9.7465,0.23741,0.096515,-0.079814,2.8445,-46.301,-81.183,-70.013,
34.197,6.9541,6.9918,0.25552,0.097743,-0.034192,2.9418,-55.403,-75.858,-79.008,
34.296,9.4774,4.9161,0.65504,0.015241,6.42E-05,3.3807,-60.213,-69.446,-83.759,
34.394,10.557,2.4013,0.78871,0.14996,-0.024628,3.9724,-63.154,-61.312,-86.635,
34.493,9.9742,-0.78721,0.63393,0.23893,0.085885,4.2222,-64.988,-51.816,-88.242,
34.592,9.7212,-2.9779,0.98824,0.26663,-0.16896,4.7809,-66.423,-40.664,-89.258,
34.691,8.965,-5.0173,0.60759,0.17493,-0.11465,4.9746,-67.478,-27.525,-89.773,
34.79,7.6805,-6.8047,1.4457,-0.10482,-0.016066,4.6422,-68.403,-12.063,-90.09,
34.889,4.1413,-8.9674,0.86475,0.10201,-0.034635,3.8461,-68.681,4.8127,-90.38,
34.987,0.72494,-10.475,0.34383,0.012154,-0.14244,3.462,-69.287,21.005,-90.818,
35.086,-3.8672,-9.5129,-0.019759,0.040217,-0.13047,3.2596,-69.303,38.567,-91.316,
35.185,-8.483,-4.8851,-0.019759,0.019045,-0.083622,3.3493,-68.485,57.748,-92.343,
35.284,-10.033,2.541,-0.34608,0.022421,-0.15247,3.7574,-64.738,78.216,-96.146,
35.383,-7.7193,6.4323,0.13218,0.09676,-0.19146,3.8815,104.21,81.985,94.346,
35.482,-4.5755,7.4388,-0.74874,0.17533,-0.26894,3.8455,108.71,62.516,89.26,
35.58,-4.089,8.9969,-0.036823,0.2483,-0.15517,4.0941,108.99,43.455,88.165,
35.679,-2.6249,10.198,0.15882,0.20783,-0.17719,3.9038,108.83,26.027,87.433,
35.778,0.23501,9.8811,-0.11795,0.15723,-0.1888,3.3008,108.48,9.6828,86.719,
35.877,6.54,7.731,-0.094304,0.019394,0.016375,2.6556,107.82,-5.8542,86.004,
35.976,7.3433,5.5118,0.15523,0.16113,-0.075409,2.3811,107.1,-21.675,85.269,
36.075,9.4168,2.557,0.73303,0.13035,-0.069604,2.2626,105.78,-37.933,84.277,
36.173,10.072,-2.767,0.97492,0.15419,-0.15577,2.4286,103.01,-56.797,81.972,
36.272,7.7503,-7.1189,0.8158,0.11965,-0.14634,2.7974,92.079,-78.006,71.543,
36.371,7.0991,-5.4467,2.0687,0.17006,-0.0089954,3.2987,-56.896,-77.842,-76.828,
36.47,3.2402,-8.7715,0.86281,0.19188,0.11068,3.5128,-67.864,-52.469,-87.888,
36.569,2.4693,-9.4317,0.84903,0.11706,0.02286,3.1438,-69.075,-25.504,-89.364,
36.668,0.9369,-9.7615,0.85562,0.00034728,0.019623,3.4382,-69.104,0.67677,-89.981,
36.766,-0.35237,-10.077,0.62046,-0.067012,0.0057096,3.4621,-69.389,21.797,-90.395,
36.865,-3.8198,-8.8264,0.33875,0.028447,-0.0051029,3.0171,-69.149,40.98,-91.022,
36.964,-7.4922,-5.9907,-0.31959,0.01736,-0.012665,2.4208,-68.778,58.974,-92.093,
37.063,-9.5695,-3.6297,0.018412,-0.05347,0.010305,1.9533,-66.674,76.966,-95.033,
37.162,-8.706,-1.4675,0.63079,-0.028513,-0.0068188,1.5204,100.56,83.227,97.102,
37.261,-8.5688,2.8987,-0.14774,0.01384,-0.079403,1.4415,106.75,61.934,89.904,
37.359,-6.9216,7.2331,-0.17993,0.024322,-0.099345,1.5033,107.19,41.01,88.362,
37.458,-4.1941,8.6239,-0.1437,0.039468,-0.035322,1.6584,107.06,19.489,87.428,
37.557,-4.122,9.0725,0.67165,0.060402,-0.055468,1.908,106.93,-2.779,86.444,
37.656,-1.4863,10.243,0.15463,0.079945,-0.085798,2.3815,106.5,-23.399,85.3,
37.755,-1.5696,9.7853,-0.11676,0.076348,-0.20625,3.0089,105.34,-40.729,84.077,
37.854,0.051194,9.9618,0.11721,0.13806,-0.14632,3.4864,104.23,-55.038,82.442,
37.952,1.0656,9.9013,-0.075443,0.2375,-0.19197,3.1042,101.47,-67.895,79.605,
38.051,2.3088,9.6575,-0.11466,0.17174,-0.13162,3.0592,92.348,-80.085,70.322,
38.15,3.7,8.9872,-0.13846,0.31123,-0.16839,3.1582,-34.576,-85.105,-56.873,
38.249,5.7337,8.3963,-0.11062,0.2217,-0.21491,2.8096,-61.968,-70.256,-84.473,
38.348,8.4615,5.5608,0.46284,0.061912,-0.11066,2.1573,-66.09,-52.362,-88.278,
38.447,9.6831,0.26719,-0.37467,0.069395,-0.053056,1.5348,-67.5,-34.018,-89.183,
38.546,9.6787,-1.5093,1.0811,-0.030224,0.17803,1.1972,-68.526,-17.017,-89.938,
38.644,8.4722,-3.7717,0.96325,0.07413,0.13418,1.1883,-68.581,1.3487,-90.288,
38.743,6.0067,-7.4231,0.69036,0.1071,0.1419,1.3315,-68.304,20.576,-90.627,
38.842,3.0197,-8.7414,0.25612,0.12908,0.1045,1.5127,-67.876,37.423,-90.985,
38.941,2.7023,-10.016,0.66851,0.12822,0.011974,1.7703,-67.539,51.441,-91.495,
39.04,1.399,-9.5635,0.83047,0.10516,-0.040352,2.0524,-67.311,62.08,-92.051,
39.139,0.77419,-9.6841,0.78512,0.0040477,-0.096661,2.4192,-66.482,70.952,-93.004,
39.237,0.15807,-9.9187,0.52226,0.031765,-0.01499,2.8678,-65.095,78.721,-94.92,
39.336,-1.0439,-9.7941,0.95561,-0.070974,-0.03632,2.9852,-55.166,86.665,-105.4,
39.435,-2.4012,-9.6135,0.68602,0.03832,-0.066597,2.4751,101.04,84.678,97.964,
39.534,-3.7832,-9.1744,0.12634,0.040899,-0.020196,2.3346,106.75,75.258,91.908,
39.633,-5.4978,-8.3052,0.039668,-0.089989,0.03823,2.2891,108.19,63.825,90.036,
39.732,-7.2521,-6.535,-0.19579,-0.036946,0.06935,1.8194,108.59,49.617,88.885,
39.83,-9.0497,-3.2932,0.63693,0.072252,-0.02896,1.0434,108.52,32.204,87.951,
39.929,-9.8929,1.3903,-0.4076,0.027967,0.0035652,0.74461,108.71,13.993,87.142,
40.028,-9.4418,2.4503,-0.21016,0.018517,-0.018898,0.49593,108.11,-2.2462,86.44,
40.127,-8.371,4.1742,-0.064666,0.074361,0.010281,0.35792,107.78,-18.817,85.705,
40.226,-6.4062,7.1443,-0.57795,0.081441,-0.047652,0.39498,107.98,-35.557,84.768,
40.325,-4.614,8.8423,-0.71237,0.04604,-0.035253,0.60804,107.38,-50.61,83.341,
40.423,-5.6175,8.6692,0.1443,0.044589,-0.062043,0.79771,105.52,-61.574,81.399,
40.522,-4.4859,8.82,-0.035626,0.036886,-0.063277,0.98746,101.59,-69.608,77.951,
40.621,-4.6594,8.8363,1.2929,0.02176,-0.072033,1.0982,97.304,-76.087,74.214,
40.72,-4.3585,8.8529,-0.28635,0.034473,-0.045972,1.3128,86.779,-82.224,64.379,
40.819,-4.6502,8.7028,0.088616,0.022691,-0.0012799,1.5763,21.993,-87.08,0.39163,
40.918,-3.9435,8.88,-0.017663,0.092824,-0.0045881,1.8286,-52.727,-81.759,-73.718,
41.016,-3.4066,9.1538,-0.18561,0.13629,-0.010649,2.0518,-63.924,-72.854,-84.736,
41.115,-2.3896,9.7078,-0.19325,0.077726,-0.12567,2.249,-67.235,-62.355,-88.147,
41.214,-1.5668,9.8082,-0.10852,0.094032,-0.093781,2.1608,-68.01,-50.106,-89.343,
41.313,-0.28216,9.8989,-0.069755,0.045313,-0.098904,1.8095,-68.073,-35.572,-89.824,
41.412,1.2065,9.9881,-0.24504,0.063751,-0.049036,1.8164,-67.936,-19.428,-89.846,
41.511,3.0725,9.5111,-0.20358,0.12987,-0.057802,1.8201,-67.6,-4.9594,-90.089,
41.609,5.0084,9.141,-0.06751,0.088669,-0.07755,1.3579,-67.583,7.7244,-90.429,
41.708,6.9623,7.4044,0.20403,-0.075623,-0.0056222,0.73944,-67.34,20.222,-90.642,
41.807,8.8351,4.2818,0.34369,0.20401,-0.021797,0.68513,-66.753,31.708,-90.804,
41.906,9.281,3.7085,0.47257,0.070921,0.00095181,0.51247,-66.593,40.126,-90.86,
42.005,9.4389,2.6429,0.80817,0.045219,-0.02683,0.44172,-66.475,45.293,-90.952,
42.104,10.055,-0.88182,0.35521,0.028354,0.0083613,0.43964,-66.316,48.843,-91.114,
42.202,10.097,-2.9839,0.28216,0.04102,0.004913,0.54424,-66.399,51.264,-91.256,
42.301,8.9981,-0.90442,1.2084,0.046063,-0.011996,0.70735,-66.542,53.269,-91.313,
42.4,8.9951,-2.7095,0.73078,0.073474,-0.033455,0.88874,-66.874,55.539,-91.462,
42.499,9.1526,-2.9308,0.6712,0.085913,-0.061158,1.0625,-67.288,60.206,-91.348,
42.598,8.943,-3.4785,0.66327,0.084595,-0.069613,1.232,-67.215,64.485,-91.82,
42.696,9.1716,-3.4038,0.87852,0.12689,-0.10372,1.3996,-66.907,69.678,-92.545,
42.795,9.1434,-3.6963,0.77703,0.10641,-0.10866,1.5476,-66.212,75.518,-93.693,
42.894,8.9379,-4.3526,0.89649,0.1052,-0.107,1.6735,-63.653,82.309,-96.605,
42.993,8.5049,-5.1523,0.81116,0.082103,-0.013026,1.8252,53.719,89.066,145.92,
43.092,7.7154,-5.7919,0.84634,0.1245,-0.063169,1.8253,107.21,79.99,92.408,
43.191,7.1866,-6.6673,0.94244,0.14594,-0.074387,1.6932,110.02,69.397,89.562,
43.289,6.2143,-7.4789,0.81506,0.083166,-0.069151,1.5423,110.73,57.632,88.419,
43.388,4.8252,-8.4297,0.81491,0.046097,-0.069195,1.2946,110.63,45.623,87.588,
43.487,3.3119,-9.014,0.61642,0.0041023,-0.036148,0.86576,110.4,33.999,87.128,
43.586,1.8329,-9.7494,0.92837,0.047979,0.051384,0.30994,109.99,24.273,86.795,
43.685,-0.97163,-9.352,0.74695,-0.12302,-0.0052339,0.19838,109.94,14.119,86.486,
43.784,-2.2814,-9.2439,0.45386,-0.0094582,0.029521,0.024611,110.04,5.159,85.995,
43.882,-4.1459,-8.5713,0.49727,0.0018299,-0.028028,0.1161,109.7,-0.69649,85.547,
43.981,-5.7139,-7.8251,0.34159,0.036092,0.0069391,0.20615,109.44,-4.5159,85.468,
44.08,-6.695,-6.821,0.27258,0.040223,0.0095759,0.33737,109.74,-7.9314,85.363,
44.179,-7.3544,-6.0555,-0.52032,0.056198,0.035203,0.49974,109.88,-10.583,85.258,
44.278,-5.8278,-6.3823,0.66941,0.073999,0.012737,0.67892,109.8,-15.633,85.197,
44.377,-6.6248,-7.1878,0.13801,0.073912,0.025909,0.81976,109.56,-18.577,84.971,
44.475,-5.9947,-7.631,0.22947,0.094086,0.025798,0.91057,109.44,-22.441,84.878,
44.574,-6.3257,-7.4041,0.25657,0.13997,0.035571,0.96965,109.29,-26.319,84.632,
44.673,-6.4419,-7.4331,0.15523,0.14841,0.03651,1.0646,109.14,-31.053,84.273,
44.772,-6.5984,-7.1804,0.34084,0.12787,0.018065,1.1859,108.82,-36.625,83.7,
44.871,-7.1539,-6.7102,0.37287,0.11389,0.013045,1.2519,108.35,-43.095,82.932,
44.969,-7.5672,-6.1444,0.25447,0.031625,0.029598,1.3985,107.72,-50.423,81.864,
45.068,-8.1281,-5.2547,0.064516,0.043038,0.0023159,1.5381,106.51,-58.538,80.162,
45.167,-8.6408,-4.4378,0.065115,0.061896,-0.040284,1.6234,103.76,-67.262,77.027,
45.266,-9.0077,-3.7548,0.15942,-0.069977,0.019967,1.516,95.979,-76.474,69.241,
45.365,-9.4545,-2.8026,0.086221,0.13492,-0.042231,1.2422,59.201,-84.862,32.386,
45.464,-9.4879,-1.4942,0.037572,0.038175,0.027005,1.261,-32.351,-82.395,-59.271,
45.562,-9.8393,-0.45954,-0.062869,-0.054404,0.060124,1.1868,-50.038,-74.438,-77.076,
45.661,-9.6736,0.96415,0.083077,-0.015615,0.073575,0.94725,-55.058,-66.983,-82.254,
45.76,-9.3813,2.7671,0.35042,0.0143,0.0096667,0.59736,-57.027,-60.838,-84.407,
45.859,-8.2124,5.2943,-0.016017,0.014436,0.0059913,0.46297,-57.662,-56.259,-85.307,
45.958,-7.6007,5.9152,0.090711,0.024365,0.042166,0.37368,-58.711,-53.699,-86.009,
46.056,-7.0063,6.4562,-0.18442,-0.016182,0.041429,0.35734,-58.743,-51.896,-86.464,
46.155,-6.4094,7.4249,0.085472,0.028443,0.00022131,0.32229,-58.723,-51.386,-86.538,
46.254,-4.8406,8.8156,-0.28755,0.012528,0.025247,0.36815,-58.507,-50.703,-86.385,
46.353,-4.0594,8.9496,-0.39697,0.024991,-0.013233,0.46616,-58.692,-49.551,-86.446,
46.452,-4.7135,8.4716,0.60459,0.018389,-0.028166,0.55773,-59.394,-47.83,-87.143,
46.551,-3.9992,8.9345,-0.17798,0.0086223,-0.033708,0.66533,-59.864,-45.452,-87.356,
46.649,-4.0958,9.0222,-0.042212,0.0084422,-0.034471,0.81462,-60.419,-41.957,-87.734,
46.748,-3.5975,9.2511,-0.011676,0.0070558,-0.06463,0.93175,-61.044,-37.667,-88.156,
46.847,-3.6005,9.2553,-0.063019,-0.0018536,-0.098269,1.0744,-61.736,-32.845,-88.534,
46.946,-3.2042,9.3186,-0.064965,0.0050177,-0.14924,1.3248,-62.549,-27.632,-88.848,
47.045,-2.8159,9.5745,-0.0082329,0.0099309,-0.16742,1.5924,-63.44,-22.09,-89.116,
47.144,-2.3801,9.544,-0.034428,-0.0035079,-0.22262,1.8458,-64.224,-15.969,-89.374,
47.242,-1.7737,9.6169,-0.045206,-0.0048344,-0.22215,2.0687,-64.838,-9.3833,-89.532,
47.341,-0.88242,9.9077,-0.092657,-0.059383,-0.2501,2.019,-65.3,-2.2742,-89.647,
47.44,-0.014071,9.904,-0.054038,-0.077047,-0.16322,2.0534,-65.614,5.5668,-89.713,
47.539,0.74201,10.024,0.048948,-0.037435,-0.11613,2.1948,-65.895,14.096,-89.769,
47.638,2.1006,9.6269,-0.098795,0.040365,-0.093522,2.4142,-65.631,22.748,-89.883,
47.736,3.6864,9.3511,-0.071252,0.090432,-0.090669,2.5159,-65.685,30.229,-89.847,
47.835,5.5734,8.4137,0.17319,0.11731,-0.080887,2.4053,-66.012,36.916,-89.758,
47.934,7.4698,6.2214,0.2892,0.082326,-0.070369,2.2504,-65.983,43.425,-89.713,
48.033,8.2782,5.0825,1.0056,0.11039,-0.052386,2.078,-65.327,49.52,-89.93,
48.132,9.2162,3.846,0.28052,0.12012,-0.071203,1.8743,-64.916,54.221,-89.971,
48.231,9.6272,1.7885,0.92732,0.094336,-0.091804,1.9124,-65.207,57.174,-89.784,
48.329,9.8691,-0.9872,0.72704,0.12652,-0.076348,1.8583,-65.164,59.598,-89.84,
48.428,9.1572,-3.7463,0.83466,0.14957,-0.11868,2.0076,-65.135,61.54,-89.766,
48.527,8.0015,-5.9202,0.81251,0.13328,-0.12935,2.1876,-64.337,64.486,-90.498,
48.626,6.2628,-7.2928,0.7197,0.09772,-0.12954,2.4731,-64.507,66.57,-90.356,
48.725,4.6375,-8.6013,0.45625,0.041517,-0.1322,3.0528,-64.306,68.857,-90.521,
48.824,4.8881,-8.5131,1.6627,-0.043316,-0.070828,3.7978,-64.329,71.471,-90.634,
48.922,1.4149,-9.5751,0.33201,-0.14431,-0.11696,4.1156,-64.268,74.418,-90.907,
49.021,0.47781,-9.7284,0.73946,-0.03172,-0.019215,4.1853,-63.881,77.797,-91.558,
49.12,-1.4804,-9.5018,0.34638,0.028966,-0.03496,4.239,-63.004,81.886,-92.705,
49.219,-3.2836,-9.1647,0.46643,-0.01785,0.023736,4.4107,-57.916,86.666,-98.127,
49.318,-4.6249,-8.6785,0.061971,0.15443,-0.12728,4.1862,98.666,87.788,104.82,
49.417,-6.9149,-7.4672,-0.14834,0.17031,-0.24072,3.7144,109.21,81.374,93.621,
49.515,-9.0762,-3.1453,-0.0061372,0.069342,-0.23415,3.3777,110.46,73.593,91.47,
49.614,-9.7452,2.1446,-0.61642,0.10087,-0.1505,3.3155,110.59,64.486,90.176,
49.713,-8.3151,5.8849,-0.41958,0.10882,-0.076746,3.2861,110.22,54.014,89.205,
49.812,-5.6499,8.5983,0.070354,0.17878,-0.14184,3.3706,109.53,42.953,88.39,
49.911,0.19355,9.8043,-1.0716,0.23435,-0.20895,3.8836,108.67,32.151,87.733,
50.01,4.7505,10.121,0.21884,0.2261,-0.21558,4.5148,107.76,21.052,87.374,
50.109,8.0401,7.7335,0.57106,0.36067,-0.32283,4.8097,107.02,9.0184,86.86,
50.207,9.012,4.8336,0.51598,0.18037,-0.1467,4.7228,106.34,-4.0032,86.347,
50.306,9.5223,2.1611,0.75473,0.14015,-0.060097,4.8733,105.79,-17.39,85.757,
50.405,9.957,-0.65639,0.84933,-0.0073706,-0.06377,5.0373,105.21,-30.207,85.024,
50.504,9.4084,-2.8014,0.6019,-0.029532,-0.056199,4.8591,104.32,-42.223,83.992,
50.603,9.1431,-5.9759,0.70099,-0.015427,-0.044998,4.7228,102.98,-53.355,82.546,
50.701,4.9195,-7.7874,0.44173,0.082841,-0.036635,4.7098,101.03,-63.516,80.449,
50.8,-1.283,-9.8106,0.55355,0.16617,-0.052219,4.5707,97.158,-73.562,76.218,
50.899,-4.9161,-7.7736,-0.070803,0.19219,-0.00233,4.4869,81.544,-83.073,60.312,
50.998,-7.8935,-5.79,0.58049,0.28206,-0.18125,4.3032,-35.952,-84.698,-57.485,
51.097,-8.9667,0.27004,-0.2175,0.27252,-0.18152,4.2413,-60.422,-73.939,-82.404,
51.196,-8.9065,5.6246,0.33066,0.29803,-0.1987,4.2468,-64.609,-61.351,-87.096,
51.294,-5.4264,8.3005,0.075593,0.25942,-0.24345,4.1747,-65.886,-46.526,-88.889,
51.393,-0.2886,9.4537,0.088765,0.23716,-0.23384,4.0914,-66.135,-28.605,-89.773,
51.492,4.2537,9.3805,-0.10867,0.22542,-0.23482,4.0871,-65.676,-7.3011,-90.073,
51.591,7.2286,6.1546,-0.021405,0.15647,-0.16725,4.0613,-64.79,15.259,-90.385,
51.69,10.353,3.5548,0.53963,0.12391,-0.097891,3.9665,-64.12,38.036,-90.85,
51.789,10.444,-0.56912,0.84903,0.029243,-0.033244,4.0119,-63.251,61.308,-91.663,
51.887,8.7831,-4.438,0.7682,-0.048552,-0.021752,3.9623,-55.551,85.304,-99.247,
51.986,6.0534,-7.5533,0.65983,0.082859,-0.016982,3.8866,115.19,72.773,89.289,
52.085,3.0144,-9.1253,0.61956,0.12087,-0.088221,3.8727,115.36,53.005,87.84,
52.184,-0.84559,-9.9607,0.44952,0.078112,-0.098748,3.8744,114.4,34.886,87.169,
52.283,-4.6826,-7.9753,-0.15059,0.011049,-0.063694,3.8964,113.76,16.92,86.606,
52.382,-7.5154,-5.4987,0.42033,0.13075,-0.23527,3.8005,113.36,-0.96777,85.976,
52.48,-8.9924,-2.5767,0.048349,-0.061632,-0.33723,3.487,112.96,-19.236,85.1,
52.579,-9.249,1.9157,-0.32333,-0.19554,-0.30202,3.1661,112.06,-39.872,83.364,
52.678,-7.6802,5.0059,-0.27797,-0.38734,-0.14354,2.7858,108.17,-63.537,78.752,
52.777,-5.8337,7.6349,0.30447,-0.58977,0.0094995,2.3306,36.027,-86.034,5.8812,
52.876,-1.9299,9.7735,0.24803,-0.7565,0.23409,1.8453,-53.363,-64.693,-83.624,
52.975,1.3053,10.498,0.79036,-0.91621,0.49169,1.0082,-57.739,-38.939,-87.767,
53.073,6.2158,8.7463,-0.024998,-1.0385,0.63624,0.44386,-58.71,-12.005,-88.628,
53.172,7.7837,5.5069,0.49248,-1.1817,0.7248,0.11364,-58.99,14.906,-88.942,
53.271,10.044,2.386,1.1441,-1.3879,0.82802,-0.095445,-59.212,40.886,-89.093,
53.37,10.031,0.13577,1.2486,-1.603,0.87213,-0.34012,-60,66.759,-88.619,
53.469,9.3139,-2.6954,1.0141,-1.7696,0.82566,-0.49958,148.09,87.855,62.92,
53.567,8.8896,-4.2857,1.5843,-1.9181,0.77994,-0.63862,125.06,63.376,85.49,
53.666,7.8229,-5.3373,1.2324,-1.964,0.587,-0.68484,124.13,39.452,85.709,
53.765,7.7542,-5.8456,1.2337,-1.898,0.4078,-0.57863,123.54,16.154,85.126,
53.864,7.7618,-5.9893,1.0581,-1.6984,0.24154,-0.43393,122.85,-6.866,84.161,
53.963,7.9013,-5.7253,0.92283,-1.4442,0.13748,-0.25537,121.71,-29.77,82.572,
54.062,8.2579,-5.1791,0.93675,-1.2868,0.074982,-0.058197,118.74,-52.194,79.23,
54.16,9.0969,-4.4329,0.74949,-1.1676,0.066659,0.24347,107.86,-74.094,67.963,
54.259,8.9098,-3.6752,0.12664,-1.0579,0.084965,0.5452,-18.399,-80.93,-58.694,
54.358,9.6474,-2.479,0.30821,-0.83501,0.11282,0.8202,-42.886,-59.36,-83.369,
54.457,10.056,-1.421,0.39922,-0.82084,0.17278,0.87289,-46.332,-38.027,-86.467,
54.556,9.7127,-0.51807,0.54502,-0.74809,0.21118,0.93342,-47.751,-16.402,-87.556,
54.655,9.6729,0.1208,0.52152,-0.59854,0.25389,1.0565,-48.516,5.0945,-87.951,
54.753,9.9726,0.64022,0.73482,-0.47999,0.27722,1.1194,-49.527,26.649,-87.923,
54.852,9.8558,0.67435,0.57016,-0.45,0.29818,1.1379,-51.149,47.694,-87.395,
54.951,9.8301,0.58424,0.88286,-0.3327,0.28668,1.1783,-54.092,69.064,-85.494,
55.05,9.7453,-0.27528,0.87703,-0.21439,0.26453,1.2186,-131.87,88.204,-9.0432,
55.149,9.7178,-1.86,0.71581,-0.11327,0.22544,1.2565,134.51,69.46,83.219,
55.247,9.429,-2.0341,0.85667,-0.13829,0.32044,1.2387,130.56,49.919,84.963,
55.346,9.1786,-2.9421,1.3218,-0.07,0.31802,1.2446,127.45,32.052,85.268,
55.445,8.8734,-4.1504,1.0264,-0.030212,0.36985,1.2601,124.13,16.115,85.356,
55.544,8.2981,-5.0918,0.9399,0.002644,0.48606,1.1459,120.39,1.9571,85.264,
55.643,7.5683,-5.7922,0.92912,0.056585,0.55156,0.99631,115.73,-9.4526,85.338,
55.742,6.983,-6.6459,1.0457,0.074652,0.66233,0.72193,110.54,-17.473,85.731,
55.84,6.006,-7.3401,0.92807,0.11203,0.78901,0.44672,104.78,-21.554,86.592,
55.939,5.0165,-8.5281,0.8661,0.13958,0.88651,0.21074,98.334,-23.125,87.609,
56.038,4.0078,-8.7743,0.84574,0.14785,0.97641,-0.0083812,90.857,-24.183,88.282,
56.137,3.0388,-9.1515,0.93346,0.098185,0.83887,-0.23349,82.186,-24.831,88.529,
56.236,1.2406,-9.7353,0.61058,0.04574,0.76355,-0.4988,72.574,-22.951,89.093,
56.335,0.36898,-9.6045,0.83347,-0.024503,0.58009,-0.70513,62.276,-20.114,89.683,
56.433,-0.77688,-9.6444,0.91954,-0.051918,0.43384,-0.83306,51.473,-16.711,90.11,
56.532,-1.5704,-9.4102,0.78676,-0.093696,0.37745,-0.99581,40.546,-13.169,90.315,
56.631,-1.6532,-9.4967,0.82254,-0.13113,0.33581,-1.1488,30.081,-10.043,90.323,
56.73,-1.7642,-9.5497,0.64321,-0.1388,0.27676,-1.2772,20.591,-7.6078,90.189,
56.829,-1.6425,-9.3853,0.83691,-0.12848,0.20516,-1.3415,12.335,-6.0332,89.963,
56.928,-1.596,-9.675,0.3585,-0.077695,0.11751,-1.4087,4.9073,-5.3329,89.661,
57.027,-0.53768,-9.6552,0.49113,0.0083876,0.047451,-1.4447,-1.6216,-5.8083,89.29,
57.125,0.20178,-9.5492,0.45146,0.024206,0.0094633,-1.4746,-7.7503,-7.3152,88.739,
57.224,0.90786,-9.4478,0.59082,0.059313,-0.0098148,-1.4733,-13.014,-10.172,88.099,
57.323,2.0064,-9.3382,0.59067,0.096819,0.019541,-1.4473,-17.716,-14.666,87.776,
57.422,3.2698,-8.8985,0.62226,0.16935,0.032843,-1.3357,-22.512,-19.236,87.354,
57.521,4.3693,-8.5116,0.70488,0.2526,0.051535,-1.2325,-26.842,-24.343,86.882,
57.62,5.7337,-7.7614,0.76611,0.28359,0.082786,-1.0988,-30.565,-29.979,86.439,
57.718,6.8939,-6.9541,0.87733,0.27733,0.11922,-1.0315,-34.128,-35.782,85.914,
57.817,7.8741,-5.8563,0.80548,0.22406,0.14951,-0.97097,-37.639,-41.728,85.207,
57.916,8.7352,-4.9215,0.817,0.21229,0.16225,-0.87929,-40.87,-47.9,84.404,
58.015,9.1795,-3.1207,1.0933,0.20466,0.1607,-0.75032,-43.804,-54.307,83.459,
58.114,9.8251,-1.5616,0.87568,0.18863,0.17256,-0.67254,-46.72,-60.906,82.159,
58.212,9.9489,-0.42601,0.80802,0.15545,0.16879,-0.61632,-50.666,-67.37,80.063,
58.311,9.8669,0.72225,0.73991,0.15111,0.16811,-0.55983,-56.272,-73.809,76.425,
58.41,9.9408,1.4216,0.91999,0.13068,0.15172,-0.51957,-66.466,-80.165,68.393,
58.509,9.4642,2.5465,0.6742,0.11352,0.15097,-0.4536,-95.89,-85.328,41.591,
58.608,9.1653,3.5975,0.62211,0.10056,0.13951,-0.38338,-172.11,-85.992,-31.582,
58.707,8.7096,4.3688,0.5034,0.081111,0.11022,-0.33252,155.64,-83.177,-60.284,
58.805,8.4538,4.9152,0.52152,0.070303,0.10494,-0.24625,143.94,-80.952,-67.899,
58.904,8.308,5.4547,0.43365,0.044388,0.071062,-0.16667,137.44,-79.857,-69.81,
59.003,7.906,5.9352,0.44143,0.02696,0.028646,-0.087067,133.18,-79.788,-68.972,
59.102,7.5856,6.3043,0.39892,0.009422,-0.0088489,0.112,131.77,-80.694,-65.598,
59.201,7.1101,6.7661,0.41584,-0.021893,-0.037317,0.27262,136.55,-82.591,-56.644,
59.3,6.8616,7.1066,0.28591,-0.066152,-0.10011,0.37215,159.36,-84.857,-30.416,
59.398,6.7008,7.3069,0.21899,-0.092044,-0.12274,0.48912,-153.1,-84.894,19.653,
59.497,6.2976,7.566,0.33291,-0.11473,-0.14936,0.5837,-121.97,-81.494,52.712,
59.596,6.1627,7.7422,0.24803,-0.11373,-0.14098,0.6808,-109.86,-76.224,66.446,
59.695,6.0329,7.8292,0.27094,-0.11912,-0.13254,0.77464,-104.62,-69.917,73.023,
59.794,5.6763,8.1077,0.1931,-0.10954,-0.11073,0.90281,-101.96,-63,76.696,
59.893,5.7715,7.9268,0.28531,-0.015545,-0.059367,1.1161,-100.33,-55.675,78.992,
59.991,6.1633,7.7374,0.2187,0.091107,-0.027526,1.356,-98.862,-48.1,80.675,
60.09,6.3484,7.5352,0.2648,0.1645,-0.031322,1.5603,-97.365,-40.313,81.866,
60.189,6.7743,7.2005,0.23576,0.19303,-0.052249,1.698,-95.954,-32.431,82.665,
60.288,7.0688,6.8463,0.36225,0.23751,-0.096916,1.7717,-94.672,-24.549,83.241,
60.387,7.5145,6.2643,0.31854,0.3919,-0.16019,1.7726,-93.213,-16.892,83.757,
60.486,7.8494,5.9001,0.44233,0.47773,-0.28376,1.6756,-91.531,-9.7492,84.19,
60.584,8.2483,5.3298,0.46433,0.60567,-0.50838,1.5645,-89.606,-3.2032,84.569,
60.683,8.7655,4.5773,0.53244,0.48233,-0.52738,1.0622,-87.633,2.6828,84.933,
60.782,9.1686,3.4084,0.52556,0.4285,-0.51321,0.61392,-85.791,8.1623,85.292,
